City_ID,City,Cloudiness,Country,Date,Humidity,Lat,Lng,Max Temp,Wind Speed
0,sao filipe,0,CV,1526430400,99,14.9,-24.5,71.06,13.56
1,saint george,40,GR,1526428200,31,39.45,22.34,77.0,5.82
2,atuona,0,PF,1526430401,100,-9.8,-139.03,80.82,15.19
3,yerbogachen,0,RU,1526430401,58,61.28,108.01,44.37,3.89
4,zeya,0,RU,1526430402,47,53.74,127.27,50.45,3.71
5,jieshi,80,CN,1526430403,95,22.82,115.83,77.9,3.78
6,hobart,75,AU,1526428800,65,-42.88,147.33,46.4,8.05
7,samarai,64,PG,1526430403,100,-10.62,150.67,79.2,7.74
8,narsaq,92,GL,1526428200,89,60.91,-46.05,37.4,4.7
9,namibe,0,AO,1526430404,100,-15.19,12.15,71.91,8.81
10,arraial do cabo,0,BR,1526425200,73,-22.97,-42.02,75.2,12.75
11,san rafael,8,AR,1526430405,61,-34.61,-68.33,38.07,4.12
12,puerto ayora,20,EC,1526428800,74,-0.74,-90.35,78.8,17.22
13,ushuaia,75,AR,1526428800,75,-54.81,-68.31,42.8,26.4
14,rikitea,32,PF,1526430407,100,-23.12,-134.97,78.03,8.08
15,mataura,92,NZ,1526430407,100,-46.19,168.86,43.83,6.73
16,albany,75,US,1526429400,77,42.65,-73.75,62.6,4.12
17,faanui,88,PF,1526430408,100,-16.48,-151.75,79.34,17.43
18,isangel,0,VU,1526430409,99,-19.55,169.27,78.93,9.04
19,nikolskoye,0,RU,1526427000,62,59.7,30.79,59.0,2.48
20,east london,0,ZA,1526430409,100,-33.02,27.91,65.97,14.18
21,jalu,0,LY,1526430410,38,29.03,21.55,68.4,5.79
22,bambous virieux,20,MU,1526425200,83,-20.34,57.76,71.6,5.82
23,hermanus,0,ZA,1526430410,85,-34.42,19.24,43.7,2.26
24,busselton,12,AU,1526430411,100,-33.64,115.35,63.72,13.56
25,bilibino,36,RU,1526430411,71,68.06,166.44,43.56,3.11
26,punta arenas,0,CL,1526428800,86,-53.16,-70.91,33.8,6.93
27,padang,76,ID,1526430412,100,-0.92,100.36,81.59,4.34
28,cherskiy,0,RU,1526430412,82,68.75,161.3,37.31,3.89
29,haines junction,0,CA,1526430413,43,60.75,-137.51,43.61,2.77
30,ulaanbaatar,0,MN,1526427000,60,47.92,106.92,39.2,4.05
31,cockburn town,44,TC,1526430414,97,21.46,-71.14,79.56,23.24
32,wagar,20,US,1526430414,45,31.44,-87.99,85.68,5.28
33,barrow,92,AR,1526430414,78,-38.31,-60.23,53.15,14.07
34,hofn,0,IS,1526430415,99,64.25,-15.21,41.0,14.07
35,bredasdorp,0,ZA,1526430415,99,-34.53,20.04,55.31,6.35
36,cape town,0,ZA,1526425200,93,-33.93,18.42,50.0,1.12
37,kangaatsiaq,44,GL,1526430416,97,68.31,-53.46,26.33,9.42
38,dikson,12,RU,1526430416,86,73.51,80.55,10.76,15.08
39,kaseda,75,JP,1526426940,88,31.42,130.32,71.6,3.36
40,kruisfontein,0,ZA,1526430417,91,-34.0,24.73,58.68,11.54
41,karratha,0,AU,1526430417,20,-20.74,116.85,66.2,20.33
42,bethel,75,US,1526428380,70,60.79,-161.76,42.8,8.05
43,vaini,0,IN,1526430419,94,15.34,74.49,68.4,1.36
44,guerrero negro,0,MX,1526430419,57,27.97,-114.04,70.65,14.97
45,victor harbor,0,AU,1526428800,50,-35.55,138.62,57.2,9.17
46,hoi an,20,VN,1526428800,83,15.88,108.33,80.6,3.36
47,koslan,0,RU,1526430420,70,63.46,48.9,34.61,4.72
48,blackwater,0,GB,1526428200,62,51.33,-0.78,59.0,9.17
49,vao,12,EE,1526430421,59,59.1,26.19,58.46,7.74
50,alyangula,0,AU,1526430422,89,-13.85,136.42,80.37,19.82
51,san patricio,92,PY,1526430422,99,-26.98,-56.83,66.78,2.48
52,bluff,0,AU,1526430423,46,-23.58,149.07,69.57,6.35
53,ponta do sol,68,BR,1526430423,68,-20.63,-46.0,68.36,5.5
54,ifakara,48,TZ,1526430423,96,-8.13,36.68,66.6,2.1
55,pitimbu,20,BR,1526428800,88,-7.47,-34.81,75.2,3.36
56,gari,0,RU,1526430424,89,59.43,62.35,26.78,2.82
57,castro,24,CL,1526430424,100,-42.48,-73.76,44.15,3.38
58,ilulissat,48,GL,1526428200,90,69.22,-51.1,32.0,5.82
59,fairbanks,90,US,1526428680,87,64.84,-147.72,44.6,14.99
60,beloha,0,MG,1526430426,86,-25.17,45.06,61.38,7.02
61,georgetown,40,GY,1526428800,88,6.8,-58.16,77.0,9.17
62,nanortalik,88,GL,1526430427,96,60.14,-45.24,32.31,17.58
63,hambantota,68,LK,1526430427,100,6.12,81.12,80.69,10.42
64,port alfred,0,ZA,1526430427,98,-33.59,26.89,62.6,12.17
65,mount gambier,92,AU,1526430209,80,-37.83,140.78,52.16,3.33
66,yumen,0,CN,1526430428,37,40.29,97.04,54.45,5.84
67,robertsport,92,LR,1526430428,100,6.75,-11.37,80.55,0.54
68,kaitangata,0,NZ,1526430429,90,-46.28,169.85,49.01,5.39
69,la ronge,40,CA,1526425200,39,55.1,-105.3,66.2,5.82
70,beidao,0,CN,1526430430,79,34.57,105.89,64.4,2.59
71,ketchikan,1,US,1526428560,54,55.34,-131.65,62.6,16.11
72,bertoua,64,CM,1526430430,91,4.58,13.68,69.08,2.71
73,panaba,44,MX,1526430431,69,21.28,-88.27,80.82,5.73
74,jamestown,0,AU,1526430371,75,-33.21,138.6,47.7,4.79
75,broome,8,GB,1526428560,93,52.47,1.45,50.0,3.36
76,matara,0,PE,1526430432,57,-13.74,-72.9,42.53,1.99
77,yellowknife,90,CA,1526425200,35,62.45,-114.38,39.2,10.29
78,adjumani,76,UG,1526430433,96,3.38,31.79,66.65,2.59
79,coihaique,75,CL,1526428800,93,-45.58,-72.07,39.2,4.7
80,shangrao,20,CN,1526430434,70,28.45,117.97,81.72,2.71
81,butaritari,12,KI,1526430434,100,3.07,172.79,83.03,10.87
82,qaanaaq,12,GL,1526430434,85,77.48,-69.36,25.34,3.22
83,aksu,40,KZ,1526427000,64,52.04,76.93,39.2,11.18
84,ngunguru,24,NZ,1526430436,95,-35.62,174.5,66.87,22.73
85,saskylakh,32,RU,1526430437,92,71.97,114.09,17.82,6.62
86,kapaa,40,US,1526428560,61,22.08,-159.32,78.8,12.75
87,leningradskiy,36,RU,1526430438,93,69.38,178.42,33.57,12.55
88,reshetnikovo,8,RU,1526430438,90,56.45,36.57,53.37,6.02
89,egvekinot,0,RU,1526430438,91,66.32,-179.17,36.27,3.22
90,camacha,75,PT,1526428800,82,33.08,-16.33,60.8,18.34
91,black river,20,JM,1526428800,69,18.03,-77.85,82.4,3.36
92,hithadhoo,76,MV,1526430440,100,-0.6,73.08,83.48,11.16
93,paamiut,92,GL,1526430440,94,61.99,-49.67,34.92,33.53
94,chuy,32,UY,1526430440,77,-33.69,-53.46,58.86,12.33
95,durban,90,FR,1526428800,87,43.54,0.58,55.4,4.7
96,anloga,40,GH,1526428800,83,5.79,0.9,82.4,10.29
97,tasiilaq,0,GL,1526428200,54,65.61,-37.64,30.2,9.17
98,boa vista,75,BR,1526428800,94,2.82,-60.67,77.0,1.12
99,yantal,32,RU,1526430443,76,56.85,105.25,46.17,3.38
100,mwinilunga,0,ZM,1526430443,72,-11.73,24.43,62.55,3.38
101,new norfolk,75,AU,1526428800,65,-42.78,147.06,46.4,8.05
102,galle,1,US,1526428560,48,29.74,-97.91,89.6,6.93
103,luanda,20,AO,1526430445,94,-8.83,13.24,76.19,5.91
104,thompson,90,CA,1526426040,59,55.74,-97.86,35.6,8.05
105,hilo,40,US,1526428560,65,19.71,-155.08,80.6,10.29
106,victoria,75,BN,1526428800,94,5.28,115.24,80.6,1.12
107,dunedin,0,NZ,1526430329,85,-45.87,170.5,48.2,3.83
108,nanakuli,75,US,1526429280,69,21.39,-158.15,84.2,12.75
109,katsuura,75,JP,1526425200,77,33.93,134.5,68.0,4.7
110,alice springs,0,AU,1526428800,50,-23.7,133.88,55.4,12.75
111,artigas,92,BR,1526430448,99,-30.4,-56.46,62.55,10.65
112,tongliao,8,CN,1526430448,55,43.61,122.27,82.94,12.62
113,bambanglipuro,88,ID,1526430449,94,-7.95,110.28,75.15,3.22
114,uniao dos palmares,75,BR,1526428800,88,-9.16,-36.03,75.2,5.82
115,avarua,75,CK,1526428800,88,-21.21,-159.78,77.0,14.99
116,labuan,75,BN,1526428800,94,5.28,115.24,80.6,1.12
117,menongue,100,AO,1526430450,59,-14.66,17.68,69.3,2.21
118,sulangan,68,PH,1526430450,100,11.14,123.72,84.15,11.43
119,port elizabeth,90,US,1526429340,54,39.31,-74.98,84.2,11.41
120,tautira,40,PF,1526428800,70,-17.73,-149.15,84.2,5.82
121,chokurdakh,0,RU,1526430451,99,70.62,147.9,20.61,4.56
122,henties bay,0,NA,1526430452,100,-22.12,14.28,56.03,3.04
123,northallerton,92,GB,1526428200,82,54.34,-1.43,57.2,9.17
124,dong hoi,12,VN,1526430452,91,17.48,106.6,81.36,4.79
125,amahai,76,ID,1526430453,100,-3.31,129.0,80.01,4.34
126,port lincoln,20,AU,1526430453,93,-34.72,135.86,58.55,8.3
127,sorong,32,ID,1526430454,100,-0.86,131.25,80.69,2.71
128,aswan,0,EG,1526425200,44,24.09,32.9,80.6,6.93
129,madhipura,24,IN,1526430454,97,25.92,86.78,70.25,6.58
130,nakhon thai,0,TH,1526425200,88,17.1,100.84,77.0,2.24
131,praia da vitoria,0,PT,1526428800,93,38.73,-27.07,57.2,6.91
132,serebryanyy bor,0,RU,1526430455,62,56.8,124.8,41.85,3.6
133,baiyin,56,CN,1526425200,31,36.55,104.13,60.8,8.95
134,te anau,80,NZ,1526430456,100,-45.41,167.72,38.03,2.48
135,general roca,0,AR,1526428800,70,-39.03,-67.58,44.6,6.29
136,san policarpo,8,PH,1526430457,89,12.18,125.51,84.96,9.93
137,rawson,0,AR,1526430458,77,-43.3,-65.11,40.23,6.91
138,bima,48,ID,1526430458,86,-8.45,118.73,79.83,6.35
139,kulebaki,100,RU,1526430459,88,55.41,42.53,60.53,3.11
140,ixtapa,5,MX,1526427720,74,20.71,-105.21,84.2,11.41
141,presidencia roque saenz pena,76,AR,1526430460,97,-26.79,-60.44,69.98,11.1
142,kodiak,1,US,1526428380,57,39.95,-94.76,77.0,5.82
143,san carlos,40,VE,1526425200,78,9.66,-68.59,82.4,2.77
144,zhezkazgan,0,KZ,1526430462,77,47.8,67.71,37.35,2.77
145,lasa,0,CY,1526428200,77,34.92,32.53,66.2,5.73
146,talnakh,76,RU,1526430462,92,69.49,88.39,18.36,3.0
147,ostrovnoy,0,RU,1526430463,84,68.05,39.51,29.66,13.33
148,arauca,75,VE,1526425200,94,7.08,-70.76,78.8,2.82
149,zhob,0,PK,1526430463,55,31.34,69.45,50.45,2.33
150,kavieng,76,PG,1526430464,100,-2.57,150.8,84.33,5.79
151,sao joao da barra,0,BR,1526425200,88,-21.64,-41.05,73.4,4.7
152,luderitz,0,NA,1526430465,58,-26.65,15.16,58.64,5.12
153,oranjestad,20,AW,1526428800,83,12.52,-70.03,80.6,19.46
154,kropotkin,12,RU,1526430465,92,45.43,40.58,55.35,2.89
155,hualmay,20,PE,1526430466,87,-11.1,-77.61,67.05,5.28
156,kirakira,12,SB,1526430466,100,-10.46,161.92,82.62,15.19
157,azangaro,0,PE,1526428800,34,-14.91,-70.2,48.2,3.36
158,rio gallegos,0,AR,1526428800,86,-51.62,-69.22,33.8,8.05
159,hovd,0,NO,1526428200,87,63.83,10.7,53.6,8.05
160,khatanga,88,RU,1526430467,95,71.98,102.47,30.78,14.85
161,meshcherino,20,RU,1526427000,87,55.2,38.36,50.0,2.24
162,longyearbyen,75,NO,1526428200,86,78.22,15.63,33.8,1.12
163,eureka,90,US,1526428500,87,40.8,-124.16,53.6,3.04
164,saint-philippe,1,CA,1526429700,51,45.36,-73.48,66.2,3.36
165,xingyi,0,CN,1526430470,64,24.19,102.82,66.06,8.93
166,galesong,20,ID,1526428800,88,-5.32,119.37,80.6,4.7
167,roald,92,NO,1526428200,100,62.58,6.12,53.6,8.05
168,myitkyina,68,MM,1526430471,98,25.38,97.4,70.56,1.59
169,lundamo,0,NO,1526428200,87,63.15,10.29,53.6,8.05
170,kupang,20,ID,1526430472,83,-10.16,123.6,81.72,19.1
171,ghansor,92,IN,1526430472,37,22.66,79.95,84.74,7.63
172,mayumba,80,GA,1526430472,98,-3.44,10.65,78.89,7.52
173,hamilton,75,CA,1526425200,64,43.26,-79.87,68.0,4.7
174,sterling,1,US,1526429700,57,39.0,-77.4,84.2,6.93
175,mar del plata,0,AR,1526430474,100,-46.43,-67.52,33.71,5.39
176,viedma,92,AR,1526430474,67,-40.81,-62.99,51.57,12.95
177,cabo san lucas,40,MX,1526427780,18,22.89,-109.91,93.2,16.11
178,nayagarh,0,IN,1526430475,93,20.13,85.1,72.5,3.22
179,teahupoo,40,PF,1526428800,70,-17.83,-149.27,84.2,5.82
180,vila velha,20,BR,1526428800,88,-3.71,-38.6,78.8,5.82
181,beringovskiy,12,RU,1526430476,96,63.05,179.32,34.88,2.33
182,vardo,20,US,1526429700,93,39.62,-77.74,82.4,3.36
183,paracatu,0,BR,1526430476,78,-17.22,-46.87,67.95,4.38
184,thinadhoo,76,MV,1526430477,100,0.53,72.93,83.97,8.59
185,aklavik,75,CA,1526425200,100,68.22,-135.01,33.8,5.82
186,esperance,20,TT,1526428800,78,10.24,-61.45,78.8,6.4
187,severo-kurilsk,92,RU,1526430478,99,50.68,156.12,36.0,21.56
188,shancheng,20,CN,1526430478,69,26.9,117.17,79.25,4.0
189,tuatapere,88,NZ,1526430479,100,-46.13,167.69,45.23,13.4
190,tuktoyaktuk,75,CA,1526425200,79,69.44,-133.03,23.0,10.29
191,rocha,64,UY,1526430479,67,-34.48,-54.34,52.25,9.08
192,kuching,75,MY,1526428800,100,1.56,110.34,73.4,3.22
193,grindavik,75,IS,1526428800,86,63.84,-22.43,39.2,11.41
194,bud,48,NO,1526428200,87,62.91,6.91,53.6,2.24
195,gimli,68,CA,1526430481,35,50.63,-96.99,73.8,14.29
196,sibu,75,MY,1526425200,100,2.29,111.83,71.6,3.56
197,paramonga,88,PE,1526430482,100,-10.68,-77.82,65.39,10.42
198,mongo,92,CF,1526430482,100,4.83,22.92,70.88,1.99
199,gamboma,88,CG,1526430483,100,-1.87,15.88,69.26,1.7
200,chara,40,GR,1526428200,31,39.42,22.43,77.0,5.82
201,vaitape,88,PF,1526430483,100,-16.52,-151.75,80.73,18.14
202,torbay,75,CA,1526425200,71,47.66,-52.73,51.8,24.16
203,shache,92,CN,1526430484,30,38.42,77.24,69.93,13.11
204,alghero,40,IT,1526428200,87,40.56,8.32,59.0,5.82
205,marienburg,92,DE,1526428200,93,52.12,9.98,57.2,1.12
206,mega,68,ET,1526430485,94,4.06,38.32,59.67,3.04
207,fortuna,0,ES,1526428800,87,38.18,-1.13,57.2,2.24
208,manisa,0,TR,1526428200,72,38.62,27.43,60.8,2.24
209,cidreira,88,BR,1526430486,99,-30.17,-50.22,64.98,2.82
210,mogzon,12,RU,1526430487,54,51.74,111.97,49.64,2.89
211,igrim,76,RU,1526430487,73,63.19,64.42,24.66,3.71
212,upernavik,8,GL,1526430487,91,72.79,-56.15,26.15,3.78
213,sinnamary,92,GF,1526430488,98,5.38,-52.96,79.16,6.58
214,pangnirtung,36,CA,1526430488,93,66.15,-65.72,18.14,3.78
215,chipinge,76,ZW,1526430488,100,-20.19,32.62,60.66,3.22
216,kampot,68,KH,1526430489,97,10.62,104.18,74.61,4.38
217,pokhara,20,NP,1526430490,79,28.21,83.99,49.05,1.88
218,kidal,0,ML,1526430490,13,18.44,1.41,80.73,9.82
219,killybegs,12,IE,1526430491,97,54.63,-8.45,46.26,9.31
220,ucluelet,90,CA,1526425200,87,48.94,-125.55,55.4,5.82
221,nouadhibou,0,MR,1526428800,88,20.93,-17.03,62.6,13.87
222,acapulco,75,MX,1526428080,74,16.86,-99.88,84.2,11.41
223,mahebourg,20,MU,1526428800,88,-20.41,57.7,69.8,8.05
224,sorland,0,NO,1526430492,91,67.67,12.69,46.53,8.52
225,yar-sale,76,RU,1526430493,97,66.83,70.83,14.13,5.35
226,portland,20,US,1526428380,56,45.52,-122.67,69.8,3.36
227,alofi,75,NU,1526428800,74,-19.06,-169.92,80.6,19.46
228,puerto rondon,44,CO,1526430494,90,6.28,-71.1,76.23,8.03
229,manavalakurichi,75,IN,1526428800,83,8.13,77.3,82.4,1.12
230,zhanaozen,0,KZ,1526430495,37,43.35,52.85,57.96,6.35
231,ellisras,48,ZA,1526430496,89,-23.67,27.74,47.84,3.6
232,kalmunai,12,LK,1526430496,100,7.42,81.82,73.4,3.11
233,souillac,90,FR,1526428800,93,45.6,-0.6,55.4,6.93
234,husavik,68,CA,1526430497,35,50.56,-96.99,73.8,14.29
235,rosa zarate,56,EC,1526430497,95,0.33,-79.47,74.52,1.48
236,guanare,40,VE,1526425200,78,9.04,-69.74,80.6,4.23
237,carnarvon,0,ZA,1526430498,73,-30.97,22.13,33.75,3.0
238,douentza,0,ML,1526430499,56,15.01,-2.95,77.76,5.23
239,adrar,0,DZ,1526428800,12,27.87,-0.29,78.8,9.17
240,kavaratti,8,IN,1526430500,100,10.57,72.64,85.95,7.58
241,ribeira grande,100,PT,1526430500,100,38.52,-28.7,63.27,1.88
242,ulladulla,40,AU,1526425200,58,-35.36,150.48,57.2,12.75
243,maralal,92,KE,1526430501,100,1.1,36.7,60.48,3.0
244,perg,75,AT,1526428200,93,48.25,14.63,50.0,1.12
245,comodoro rivadavia,0,AR,1526428800,93,-45.87,-67.48,39.2,1.12
246,lebu,0,ET,1526430503,83,8.96,38.73,51.44,3.22
247,kamien pomorski,44,PL,1526428800,93,53.97,14.77,53.6,2.24
248,altukhovo,0,RU,1526430504,87,55.14,39.96,56.88,6.91
249,tahoua,80,NE,1526430504,88,14.89,5.26,73.35,1.1
250,axim,92,GH,1526430504,100,4.87,-2.24,80.1,8.08
251,bonthe,92,SL,1526430505,90,7.53,-12.5,79.88,2.71
252,lower hutt,76,NZ,1526428800,77,-41.21,174.91,66.2,16.11
253,lompoc,1,US,1526428560,52,34.64,-120.46,68.0,14.99
254,cobija,75,BR,1526425200,74,-11.02,-68.77,84.2,3.36
255,san angelo,90,US,1526428260,93,31.46,-100.44,66.2,20.8
256,sabang,64,PH,1526430507,89,13.72,123.58,83.48,6.91
257,north battleford,1,CA,1526425200,17,52.78,-108.3,82.4,16.11
258,brigantine,75,US,1526429400,94,39.41,-74.36,84.2,4.7
259,lesnoye,36,RU,1526430508,86,51.57,42.77,59.45,3.0
260,dudinka,68,RU,1526430508,89,69.41,86.18,17.1,4.61
261,awjilah,0,LY,1526430509,42,29.14,21.3,67.19,3.04
262,bulanash,0,RU,1526430509,75,57.28,62.0,34.25,6.4
263,westport,32,IE,1526430510,92,53.8,-9.52,44.73,7.02
264,hami,92,CN,1526430510,80,42.84,93.51,59.09,8.52
265,taltal,0,CL,1526430511,95,-25.41,-70.49,52.65,2.37
266,burpengary,0,AU,1526428800,52,-27.16,152.97,68.0,11.41
267,benguela,20,AO,1526430511,100,-12.58,13.4,74.43,6.58
268,shubarshi,76,KZ,1526430512,39,48.59,57.19,61.38,9.26
269,amapa,75,HN,1526428800,79,15.09,-87.97,86.0,12.75
270,tiksi,68,RU,1526430513,96,71.64,128.87,19.85,5.79
271,ipixuna,40,BR,1526425200,94,-1.76,-48.8,77.0,4.7
272,havelock,20,US,1526428680,83,34.88,-76.9,77.0,9.17
273,wufeng,75,TW,1526427000,74,24.63,121.12,86.0,2.24
274,umm lajj,0,SA,1526430515,95,25.02,37.27,72.59,6.24
275,nikolayevsk-na-amure,0,RU,1526430516,80,53.14,140.72,44.1,3.27
276,iacu,0,BR,1526430516,76,-12.77,-40.21,72.95,10.04
277,zhaozhou,92,CN,1526430516,57,45.71,125.27,77.18,19.33
278,flinders,40,AU,1526425200,58,-34.58,150.85,57.2,12.75
279,amuntai,12,ID,1526430517,95,-2.42,115.25,77.63,2.48
280,marsh harbour,92,BS,1526430518,100,26.54,-77.06,75.2,14.18
281,apodi,64,BR,1526430518,98,-5.66,-37.8,73.04,4.83
282,ampanihy,0,MG,1526430518,96,-24.69,44.75,60.21,7.07
283,buraydah,0,SA,1526425200,36,26.33,43.97,80.6,12.75
284,the pas,20,CA,1526425200,66,53.82,-101.24,48.2,6.93
285,sarahan,0,IN,1526430520,100,31.51,77.79,14.76,1.99
286,purranque,0,CL,1526428800,93,-40.91,-73.16,44.6,4.7
287,pyu,0,MM,1526430521,94,18.48,96.43,73.53,2.21
288,ocampo,64,PH,1526430521,89,13.56,123.37,83.48,6.91
289,whitianga,56,NZ,1526430522,96,-36.83,175.7,65.97,21.94
290,ahipara,80,NZ,1526430522,100,-35.17,173.16,62.78,16.91
291,chernyshevskiy,0,RU,1526430523,68,63.01,112.47,36.81,3.49
292,khandyga,88,RU,1526430523,96,62.65,135.58,38.43,3.6
293,talara,88,PE,1526430523,61,-4.58,-81.27,78.3,10.16
294,awbari,76,LY,1526430524,15,26.59,12.77,88.38,9.75
295,punta umbria,0,ES,1526430524,68,37.18,-6.97,62.15,3.33
296,loralai,0,PK,1526430525,53,30.37,68.6,49.91,2.71
297,gumdag,32,TM,1526430525,89,39.2,54.59,56.88,3.11
298,cururupu,44,BR,1526430526,88,-1.82,-44.87,78.21,5.5
299,sivas,0,TR,1526428200,75,39.75,37.01,41.0,4.7
300,ancud,48,CL,1526430526,87,-41.87,-73.83,43.02,2.71
301,mezen,0,RU,1526430527,91,65.85,44.24,30.06,2.59
302,karasjok,0,NO,1526428200,81,69.47,25.52,46.4,3.36
303,udachnyy,0,RU,1526430528,61,66.42,112.4,35.1,3.33
304,cabra,0,ES,1526428800,62,37.47,-4.43,59.0,5.82
305,bayir,0,TR,1526428200,72,37.27,28.22,60.8,4.7
306,chifeng,12,CN,1526430529,63,42.27,118.96,75.96,6.35
307,airai,12,TL,1526430529,78,-8.93,125.41,71.37,2.1
308,lagoa,0,PT,1526428800,55,37.14,-8.45,64.4,2.24
309,beaupre,20,CA,1526425200,46,47.04,-70.9,59.0,9.17
310,kachug,0,RU,1526430530,58,53.96,105.89,46.26,3.6
311,invermere,12,CA,1526430531,29,50.51,-116.03,70.11,1.59
312,athabasca,0,CA,1526430283,19,54.72,-113.29,78.12,14.56
313,mana,75,RS,1526428800,87,43.52,20.24,55.4,9.17
314,worthington,1,US,1526429760,33,43.62,-95.6,78.8,3.56
315,kutum,0,SD,1526430532,25,14.2,24.66,71.69,9.75
316,byron bay,0,AU,1526428800,42,-28.65,153.62,68.0,13.87
317,srednekolymsk,0,RU,1526430533,66,67.46,153.71,47.07,3.38
318,fort nelson,75,CA,1526425200,23,58.81,-122.69,64.4,12.75
319,uruzgan,12,AF,1526430534,81,32.93,66.63,35.06,0.58
320,naifaru,92,MV,1526430534,100,5.44,73.37,81.9,6.24
321,itarema,44,BR,1526430534,86,-2.92,-39.92,78.71,8.75
322,palana,0,RU,1526430535,77,59.08,159.95,51.75,3.49
323,russell,90,AR,1526428800,47,-33.01,-68.8,55.4,3.36
324,phalombe,92,MW,1526430536,93,-15.81,35.65,65.61,3.22
325,omboue,88,GA,1526430537,100,-1.57,9.26,81.95,10.83
326,bua yai,12,TH,1526430537,74,15.59,102.43,80.51,7.02
327,kailua,75,US,1526429280,74,21.39,-157.74,84.2,12.75
328,zaysan,12,KZ,1526430537,71,47.47,84.87,36.72,3.22
329,staszow,20,PL,1526430538,92,50.56,21.17,48.83,3.78
330,northam,0,GB,1526428200,87,51.04,-4.21,57.2,5.82
331,lodja,48,CD,1526430539,97,-3.52,23.6,70.38,2.33
332,marawi,0,PH,1526430539,96,8.0,124.29,75.51,2.48
333,makinsk,56,KZ,1526430540,55,52.63,70.42,42.93,14.9
334,nome,40,US,1526429700,42,30.04,-94.42,86.0,5.82
335,skibbereen,20,IE,1526428800,75,51.55,-9.27,46.4,19.46
336,baykit,92,RU,1526430541,97,61.68,96.39,37.53,9.26
337,nakamura,75,JP,1526427000,83,35.17,136.87,69.8,4.7
338,kapuskasing,90,CA,1526425200,26,49.42,-82.43,44.6,2.24
339,iqaluit,75,CA,1526426940,73,63.75,-68.52,26.6,9.17
340,ilhabela,56,BR,1526430543,98,-23.78,-45.36,73.49,3.71
341,plouzane,90,FR,1526428800,100,48.38,-4.62,51.8,8.05
342,kulhudhuffushi,80,MV,1526430543,99,6.62,73.07,85.5,7.4
343,mariinsk,76,RU,1526430544,74,56.21,87.75,38.7,12.66
344,manono,0,CD,1526430544,93,-7.3,27.4,68.22,2.89
345,xucheng,12,CN,1526430544,68,33.0,118.51,85.23,18.21
346,havoysund,32,NO,1526428200,93,71.0,24.66,41.0,3.36
347,margate,75,AU,1526428800,65,-43.03,147.26,46.4,8.05
348,vrangel,8,RU,1526430545,85,42.73,133.08,47.66,5.5
349,bagdarin,0,RU,1526430546,43,54.44,113.59,42.93,3.27
350,merano,90,IT,1526428500,80,46.67,11.16,50.0,4.7
351,calama,0,CL,1526428800,12,-22.46,-68.93,51.8,9.17
352,nyimba,80,ZM,1526430547,54,-14.56,30.81,78.8,8.14
353,quang ngai,8,VN,1526430547,80,15.12,108.8,77.67,3.22
354,muroto,0,JP,1526425200,68,33.37,134.14,69.8,5.82
355,tevaitoa,80,PF,1526430548,100,-16.78,-151.5,80.28,17.69
356,pisco,0,PE,1526428800,73,-13.71,-76.2,71.6,10.29
357,cabedelo,20,BR,1526428800,88,-6.97,-34.84,75.2,3.36
358,pecos,1,US,1526429700,11,31.42,-103.49,98.6,10.29
359,emerald,0,AU,1526430550,44,-23.53,148.16,66.29,6.02
360,waingapu,32,ID,1526430550,72,-9.65,120.26,79.7,12.66
361,can,40,IT,1526428500,100,46.08,11.97,53.6,4.7
362,tarauaca,44,BR,1526430551,95,-8.16,-70.77,74.52,3.38
363,provideniya,0,RU,1526427000,74,64.42,-173.23,37.4,5.12
364,esna,36,RO,1526430552,69,45.2,27.57,60.98,13.96
365,iracoubo,32,GF,1526430552,79,5.48,-53.21,77.85,3.33
366,coari,48,BR,1526430552,87,-4.09,-63.14,78.53,3.33
367,nikki,8,BJ,1526430553,73,9.94,3.21,78.93,5.57
368,doha,0,QA,1526425200,30,25.29,51.53,86.0,19.46
369,saldanha,0,PT,1526430553,72,41.42,-6.55,51.71,7.58
370,orshanka,32,RU,1526430554,51,56.92,47.89,56.61,8.37
371,ambilobe,8,MG,1526430554,92,-13.19,49.05,68.63,3.83
372,finote selam,24,ET,1526430555,89,10.7,37.27,53.91,3.04
373,takoradi,80,GH,1526430555,100,4.89,-1.75,79.65,6.73
374,minna,8,NG,1526430555,91,9.62,6.55,77.36,2.82
375,kjollefjord,88,NO,1526430556,93,70.95,27.35,37.17,3.71
376,puerto escondido,75,MX,1526427600,62,15.86,-97.07,86.0,5.82
377,norman wells,90,CA,1526425200,60,65.28,-126.83,42.8,4.7
378,okhotsk,92,RU,1526430557,89,59.36,143.24,33.8,15.79
379,gemena,76,CD,1526430557,94,3.25,19.78,72.59,1.99
380,kyaiklat,0,MM,1526428800,83,16.44,95.73,80.6,4.7
381,moron,75,VE,1526425200,88,10.49,-68.2,78.8,2.24
382,sistranda,20,NO,1526428200,93,63.73,8.83,48.2,2.24
383,palora,76,EC,1526430559,99,-1.7,-77.97,63.95,2.48
384,miri,0,NG,1526430559,80,10.31,9.75,72.5,3.04
385,narok,80,KE,1526430560,100,-1.09,35.87,56.75,2.26
386,santiago de cao,75,PE,1526428800,88,-7.96,-79.24,66.2,10.29
387,hasaki,0,JP,1526427000,53,35.73,140.83,75.2,14.99
388,zherdevka,88,RU,1526430561,74,51.84,41.47,61.56,5.06
389,taoudenni,0,ML,1526430562,24,22.68,-3.98,81.27,8.75
390,puerto colombia,40,CO,1526425200,83,10.99,-74.96,82.4,6.93
391,yoichi,80,JP,1526430563,83,43.19,140.77,60.44,2.71
392,tabou,92,CI,1526430563,100,4.42,-7.36,78.12,5.01
393,eirunepe,76,BR,1526430564,91,-6.66,-69.87,78.35,2.21
394,urucara,20,BR,1526430564,87,-2.54,-57.76,76.01,2.77
395,aykhal,8,RU,1526430564,70,65.95,111.51,33.12,3.89
396,tuy hoa,12,VN,1526430565,92,13.08,109.3,80.01,4.9
397,shalakusha,68,RU,1526430565,36,62.23,40.26,56.07,6.24
398,ugoofaaru,92,MV,1526430566,100,5.67,73.0,81.9,6.24
399,pokrovka,8,RU,1526430566,68,43.95,131.63,73.85,4.34
400,north myrtle beach,40,US,1526429700,83,33.83,-78.68,75.2,11.41
401,buin,90,CL,1526428800,71,-33.73,-70.74,55.4,3.36
402,esmeraldas,0,BR,1526428800,72,-19.76,-44.31,68.0,4.7
403,bulgan,0,MN,1526430567,55,48.81,103.53,43.61,4.05
404,strezhevoy,40,RU,1526427000,79,60.73,77.6,24.8,8.95
405,bandarbeyla,76,SO,1526430568,100,9.49,50.81,80.37,10.09
406,trairi,12,BR,1526430569,100,-3.28,-39.27,81.72,13.67
407,podporozhye,8,RU,1526430569,61,60.91,34.16,56.48,5.57
408,mutoko,12,ZW,1526430569,86,-17.4,32.23,62.91,3.22
409,luau,64,CD,1526430570,76,-10.7,22.23,67.5,2.04
410,quatre cocos,20,MU,1526428800,88,-20.21,57.76,69.8,8.05
411,mildura,0,AU,1526430571,75,-34.18,142.16,48.78,8.63
412,solnechnyy,92,RU,1526430571,99,50.72,136.64,52.83,3.38
413,dagua,40,CO,1526428800,83,3.66,-76.69,73.4,5.82
414,road town,20,VG,1526428380,74,18.42,-64.62,78.8,11.41
415,poronaysk,92,RU,1526430572,95,49.22,143.1,44.33,3.6
416,noumea,90,NC,1526428800,94,-22.28,166.46,71.6,9.17
417,grand gaube,20,MU,1526428800,88,-20.01,57.66,69.8,8.05
418,ginda,0,IN,1526430574,79,30.69,78.49,44.69,1.77
419,amol,76,IR,1526430574,100,36.47,52.35,61.25,2.82
420,auki,24,NG,1526430575,86,12.18,6.51,75.11,3.0
421,havre-saint-pierre,20,CA,1526425200,65,50.23,-63.6,44.6,9.17
422,taupo,92,NZ,1526430575,99,-38.68,176.08,55.76,8.52
423,tambacounda,0,SN,1526428800,28,13.77,-13.67,93.2,6.93
424,gunjur,0,GM,1526428800,83,13.18,-16.76,69.8,13.87
425,jiangyou,0,CN,1526430576,59,31.78,104.73,75.65,4.72
426,manggar,80,ID,1526430577,100,-2.88,108.27,79.38,3.33
427,gigmoto,92,PH,1526430577,100,13.78,124.39,82.04,7.85
428,cirebon,88,ID,1526430578,100,-6.71,108.56,81.63,6.35
429,lamlash,20,GB,1526428200,75,55.53,-5.13,46.4,5.82
430,umm kaddadah,32,SD,1526430578,21,13.6,26.69,77.22,9.37
431,vesoul,36,FR,1526428800,93,47.62,6.16,53.6,1.12
432,kholm,0,RU,1526430579,83,57.15,31.18,48.87,4.9
433,zimapan,20,MX,1526430580,39,20.75,-99.35,78.53,2.89
434,ebersbach,48,DE,1526428200,93,47.95,9.58,50.0,6.93
435,labuhan,8,ID,1526430581,88,-2.54,115.51,77.81,2.55
436,sioux lookout,75,CA,1526425200,36,50.1,-91.92,73.4,5.82
437,moorhead,1,US,1526429700,21,46.87,-96.75,80.6,17.22
438,verkhoyansk,56,RU,1526430581,73,67.55,133.39,24.57,7.52
439,the valley,20,AI,1526428800,65,18.22,-63.06,78.8,10.29
440,pocoes,0,BR,1526425200,88,-14.53,-40.37,64.4,5.82
441,burayevo,88,RU,1526430583,53,55.84,55.41,51.08,11.1
442,dalhousie,92,IN,1526430583,70,32.54,75.98,55.98,1.88
443,depok,40,ID,1526427000,83,-6.41,106.81,80.6,5.82
444,biltine,0,TD,1526430584,20,14.53,20.93,77.9,11.39
445,jumla,0,NP,1526430585,84,29.28,82.18,31.86,2.55
446,goderich,0,CA,1526430585,72,43.74,-81.71,58.91,11.39
447,faya,0,SA,1526428800,77,18.39,42.45,68.0,3.22
448,azov,24,RU,1526430586,87,47.11,39.42,58.23,2.21
449,pevek,24,RU,1526430586,97,69.7,170.27,33.8,3.0
450,lardos,20,GR,1526428200,64,36.09,28.02,69.8,10.29
451,port-gentil,40,GA,1526425200,88,-0.72,8.78,78.8,3.36
452,timizart,64,DZ,1526430587,76,36.8,4.25,47.97,2.37
453,san quintin,40,PH,1526425200,88,17.54,120.52,82.4,4.7
454,saint-ambroise,0,FR,1526428800,87,47.25,-0.65,51.8,4.7
455,chilca,40,PE,1526428800,43,-13.22,-72.34,55.4,8.05
456,mayor pablo lagerenza,32,PY,1526430588,96,-19.93,-60.77,71.78,3.89
457,mahanoro,80,MG,1526430589,100,-19.9,48.8,69.08,2.26
458,yellandu,0,IN,1526430589,93,17.59,80.32,74.84,5.06
459,lata,0,IN,1526430590,79,30.78,78.62,44.69,1.77
460,kimbe,76,PG,1526430590,100,-5.56,150.15,82.17,2.89
461,anzhero-sudzhensk,76,RU,1526430590,66,56.08,86.02,37.76,11.27
462,abu dhabi,0,AE,1526425200,66,24.47,54.37,86.0,8.05
463,geraldton,90,CA,1526427840,86,49.72,-86.95,37.4,4.7
464,golynki,92,RU,1526430592,87,54.87,31.38,56.43,3.22
465,shimoda,40,JP,1526425740,78,34.7,138.93,71.6,19.46
466,arras,75,FR,1526428800,93,50.29,2.78,50.0,6.93
467,abu kamal,0,SY,1526430593,50,34.45,40.92,58.77,7.74
468,ouango,76,CD,1526430593,97,4.31,22.55,72.41,3.38
469,klaksvik,20,FO,1526428200,75,62.23,-6.59,42.8,27.51
470,college,90,US,1526428680,87,64.86,-147.8,44.6,14.99
471,damietta,0,EG,1526425200,83,31.42,31.81,69.8,6.93
472,pochutla,90,MX,1526427600,100,15.74,-96.47,86.0,11.41
473,bubaque,0,GW,1526428800,83,11.28,-15.83,73.4,6.93
474,kahului,40,US,1526428440,74,20.89,-156.47,78.8,21.92
475,muros,40,ES,1526428800,87,42.77,-9.06,50.0,9.17
476,korem,8,ET,1526430596,79,12.51,39.52,51.21,1.88
477,den helder,0,NL,1526428500,76,52.96,4.76,57.2,9.17
478,requena,0,ES,1526428800,82,39.49,-1.1,59.0,2.89
479,severnoye,12,RU,1526430598,55,54.09,52.54,53.91,7.02
480,leshukonskoye,8,RU,1526430598,88,64.9,45.76,30.65,2.55
481,baixa grande,88,BR,1526430598,67,-11.96,-40.17,74.07,6.35
482,mount isa,0,AU,1526428800,28,-20.73,139.49,68.0,12.75
483,poum,75,MK,1526427000,71,41.28,20.71,53.6,5.82
484,pervomayskiy,12,RU,1526430600,88,53.24,40.29,55.76,2.89
485,talcahuano,0,CL,1526428800,81,-36.72,-73.12,51.8,3.36
486,balkhash,0,KZ,1526430601,100,46.84,74.98,48.56,4.05
487,kloulklubed,90,PW,1526428380,88,7.04,134.26,82.4,4.7
488,naze,92,NG,1526430602,95,5.43,7.07,74.84,5.57
489,saint-pierre,8,FR,1526428800,93,48.95,4.24,55.4,3.36
490,constitucion,40,MX,1526427660,13,23.99,-104.67,86.0,9.17
491,aqtobe,0,KZ,1526427000,75,50.28,57.21,44.6,3.71
492,balakhta,0,RU,1526430604,68,55.38,91.62,38.7,8.93
493,ossora,48,RU,1526430605,100,59.24,163.07,33.48,2.26
494,jeronimo monteiro,8,BR,1526430606,97,-20.79,-41.4,63.59,1.81
495,broken hill,0,AU,1526430606,76,-31.97,141.45,52.16,12.28
496,juneau,20,US,1526428560,46,58.3,-134.42,53.6,12.75
497,sompeta,0,IN,1526430607,88,18.93,84.6,71.91,4.5
498,daru,76,SL,1526430608,100,7.99,-10.85,70.61,1.32
499,hun,12,BE,1526428500,81,50.34,4.87,57.2,3.36
500,bom jesus,0,BR,1526430609,50,-9.08,-44.36,78.75,8.93
501,clyde river,76,CA,1526430633,92,70.47,-68.59,24.66,2.82
502,media luna,20,BO,1526428800,72,-21.67,-64.63,60.8,6.93
503,lishui,8,CN,1526430610,70,28.45,119.91,82.49,2.33
504,coxim,0,BR,1526430611,84,-18.5,-54.75,69.93,1.1
505,saraland,40,US,1526428560,51,30.82,-88.07,86.0,10.29
506,mecca,0,SA,1526428800,61,21.43,39.83,82.4,2.77
507,burnie,8,AU,1526430612,100,-41.05,145.91,51.89,12.28
508,veraval,0,FR,1526428800,93,49.65,0.71,50.0,6.93
509,shunyi,80,CN,1526427000,83,40.13,116.65,71.6,2.24
510,luang prabang,75,LA,1526428800,94,19.89,102.14,71.6,2.24
511,inirida,88,CO,1526430615,89,3.87,-67.92,75.38,2.55
512,roslavl,56,RU,1526430615,85,53.95,32.86,50.85,3.0
513,plettenberg bay,0,ZA,1526430615,94,-34.05,23.37,62.01,5.79
514,kortkeros,0,RU,1526427000,80,61.81,51.56,33.8,4.47
515,susangerd,0,IR,1526428800,27,31.56,48.19,77.0,2.24
516,kieta,12,PG,1526430617,91,-6.22,155.63,82.8,4.34
517,bilma,12,NE,1526430617,17,18.69,12.92,77.31,7.25
518,lesozavodsk,56,RU,1526430617,76,45.47,133.42,70.43,17.81
519,cap malheureux,20,MU,1526428800,88,-19.98,57.61,69.8,8.05
520,odate,0,JP,1526427480,56,40.3,140.55,69.8,19.46
521,bathsheba,40,BB,1526428800,78,13.22,-59.52,78.8,17.22
522,namatanai,76,PG,1526430619,99,-3.66,152.44,83.75,5.61
523,dingle,76,PH,1526430644,97,11.0,122.67,79.16,4.79
524,half moon bay,1,US,1526428800,77,37.46,-122.43,68.0,9.17
525,saint-francois,92,FR,1526428800,93,46.42,3.91,51.8,2.24
526,hoquiam,90,US,1526430060,87,46.98,-123.89,62.6,9.17
527,sapozhok,12,RU,1526430622,88,53.94,40.68,57.11,3.04
528,timbiras,12,BR,1526430622,95,-4.26,-43.94,73.71,1.88
529,alekseyevsk,48,RU,1526430623,90,57.84,108.35,46.17,5.12
530,laguna,5,MX,1526428020,9,27.52,-110.01,98.6,11.41
531,qasigiannguit,48,GL,1526428200,90,68.82,-51.19,32.0,5.82
532,gorontalo,12,ID,1526430501,85,0.54,123.06,79.65,2.21
533,chiquimulilla,40,GT,1526428800,88,14.09,-90.38,82.4,4.7
534,tigre,0,AR,1526428800,62,-34.42,-58.58,59.0,4.7
535,tambun,75,MY,1526425200,94,4.62,101.14,78.8,3.36
536,bayan,0,MN,1526430627,54,47.25,107.54,42.53,4.38
537,bakau,0,GM,1526428800,83,13.48,-16.68,69.8,13.87
538,gat,0,SN,1526428800,78,14.69,-16.54,71.6,6.93
539,lusambo,24,CD,1526430629,98,-4.97,23.44,70.11,2.04
540,jos,24,NG,1526430629,93,9.92,8.9,67.23,3.38
541,tura,92,IN,1526430630,97,25.52,90.21,68.58,6.24
542,tamandare,44,BR,1526430630,95,-8.28,-70.75,74.52,3.38
543,kautokeino,0,NO,1526430631,94,69.01,23.04,41.09,3.56
544,trofors,0,NO,1526428200,100,65.54,13.39,48.2,1.12
545,abnub,0,EG,1526425200,46,27.27,31.15,71.6,10.29
546,piney green,1,US,1526430000,78,35.09,-78.48,78.8,5.82
547,delmiro gouveia,88,BR,1526430632,82,-9.39,-38.0,75.51,9.82
548,gamba,64,CN,1526430633,85,28.28,88.52,17.01,2.26
549,maceio,75,BR,1526428800,88,-9.67,-35.74,75.2,5.82
550,zheleznodorozhnyy,20,RU,1526427000,87,55.75,38.0,53.6,2.24
551,rio grande,76,BR,1526430634,97,-32.03,-52.1,65.61,13.56
552,mbinga,0,TZ,1526430634,100,-10.95,35.0,62.15,3.78
553,berlevag,88,NO,1526430634,99,70.86,29.09,36.59,4.0
554,lavrentiya,92,RU,1526430635,94,65.58,-170.99,32.0,4.9
555,pangai,75,TO,1526428800,83,-19.8,-174.35,78.8,11.41
556,besikduzu,75,TR,1526428200,87,41.05,39.23,60.8,5.82
557,maniitsoq,0,GL,1526430636,88,65.42,-52.9,26.69,3.71
558,grenada,20,US,1526428380,78,33.77,-89.81,78.8,3.36
559,oussouye,0,SN,1526428800,94,12.49,-16.54,73.4,6.93
560,corrente,88,BR,1526430637,70,-17.45,-44.68,70.7,7.25
